{"roc_auc": {"0": 0.9926785354552781, "1": 0.974511647677871, "2": 0.9936042219444627, "3": 0.9961797148237826, "4": 0.9537917966128459, "5": 0.9950083752093802}, "average_precision": {"0": 0.9432015007290814, "1": 0.8156813679744059, "2": 0.9782653496744239, "3": 0.9820232015111203, "4": 0.9216637965269651, "5": 0.95846647763818}}