{"confusion_matrix": [[121, 0, 0, 0, 0, 7], [0, 284, 3, 0, 0, 0], [2, 0, 241, 0, 0, 0], [2, 5, 11, 171, 0, 0], [5, 50, 14, 0, 258, 20], [6, 0, 2, 0, 0, 167]], "roc_auc": {"0": 0.9978469983883964, "1": 0.9773712379320783, "2": 0.9986769876250832, "3": 0.9973724329656534, "4": 0.9536592656090505, "5": 0.9955013161043311}, "average_precision": {"0": 0.980319510697804, "1": 0.8652572600619902, "2": 0.9940364442570486, "3": 0.987583562597862, "4": 0.9189112443021357, "5": 0.9672268735373013}}