{"confusion_matrix": [[128, 0, 0, 0, 0, 0], [2, 232, 1, 51, 1, 0], [30, 0, 209, 0, 3, 1], [10, 12, 6, 161, 0, 0], [36, 114, 13, 0, 154, 30], [16, 0, 0, 0, 0, 159]], "roc_auc": {"0": 0.9863832091055601, "1": 0.9264041940657062, "2": 0.9796102595589471, "3": 0.964411263563806, "4": 0.8409148586993915, "5": 0.9478679109834889}, "average_precision": {"0": 0.8040183785955507, "1": 0.7570415154985111, "2": 0.943107427157397, "3": 0.901779336536662, "4": 0.7704363042375308, "5": 0.8421612247218396}}