{"confusion_matrix": [[127, 0, 1, 0, 0, 0], [3, 231, 3, 49, 1, 0], [32, 0, 208, 0, 2, 1], [6, 14, 8, 161, 0, 0], [31, 129, 10, 0, 160, 17], [16, 9, 0, 0, 20, 130]], "roc_auc": {"0": 0.9871764202256246, "1": 0.907459408631583, "2": 0.9845953117119488, "3": 0.9699623352165725, "4": 0.8248673280057749, "5": 0.9570519262981575}, "average_precision": {"0": 0.8400372471423763, "1": 0.7417112409058341, "2": 0.9546442012270668, "3": 0.9071569521314571, "4": 0.7296664847370832, "5": 0.8363819122279855}}